{
  "metrics": {
    "ndcg@10": 0.9552009891550427,
    "map@10": 1.0,
    "mrr": 1.0,
    "recall@10_rel3": 0.034482758620689655,
    "recall@10_rel2plus": 0.013793103448275862
  },
  "w_semantic": 52.226147773417,
  "w_experience": 26.3471388737782,
  "w_company": 11.18135572437049,
  "w_ml": 23.710521517514046,
  "w_behavioral": 14.160232534200885,
  "w_saved": 17.73581392412801,
  "w_github": 6.261649356236125,
  "w_education": 0.7545630691226479,
  "w_location": 11.257259050221041,
  "w_ml_ratio": 19.36218415645989,
  "rrf_k": 50,
  "rrf_weight": 8.120453031520473
}